{
  "classes":2,
  "label2train":[
    [0, 0],
    [100, 1]],
  "label":[
    "nomal",
    "early-ECA"],
  "palette":[
    [0,0,0],
    [225,225,255]],
  "mean":[
    73.158359210711552,
    82.908917542625858,
    72.392398761941593],
  "std":[
    47.675755341814678,
    48.494214368814916,
    47.736546325441594]
}
